{
  "version": 1,
  "author": "Ali Ali",
  "editor": "wokwi",
  "parts": [
    { "type": "board-esp32-devkit-c-v4", "id": "esp", "top": -9.6, "left": -14.36, "attrs": {} },
    { "type": "wokwi-led", "id": "led1", "top": 54, "left": 330.2, "attrs": { "color": "red" } },
    {
      "type": "wokwi-slide-potentiometer",
      "id": "pot1",
      "top": 96.2,
      "left": -341.4,
      "rotate": 180,
      "attrs": { "travelLength": "30" }
    },
    { "type": "wokwi-relay-module", "id": "relay1", "top": 77, "left": 144, "attrs": {} }
  ],
  "connections": [
    [ "esp:TX", "$serialMonitor:RX", "", [] ],
    [ "esp:RX", "$serialMonitor:TX", "", [] ],
    [ "esp:4", "relay1:IN", "green", [ "h67.2" ] ],
    [ "esp:3V3", "relay1:VCC", "red", [ "v-38.4", "h163.35" ] ],
    [ "relay1:GND", "esp:GND.2", "black", [ "v-0.4", "h-9.6", "v-105.6" ] ],
    [ "pot1:SIG", "esp:VP", "green", [ "v-104.8", "h76.65" ] ],
    [ "pot1:VCC", "esp:VN", "red", [ "h9.6", "v-115.2" ] ],
    [ "led1:A", "relay1:NO", "red", [ "v19.2", "h-19.2", "v1.8" ] ],
    [ "esp:GND.2", "led1:C", "black", [ "h192", "v76.8" ] ],
    [ "esp:3V3", "relay1:COM", "red", [ "v-38.4", "h153.75", "v28.8", "h144", "v97.4" ] ]
  ],
  "dependencies": {}
}